target_snp,proxy_snp,ld.r2,Dprime,PHASE,X12,CHROM,POS,REF.proxy,ALT.proxy,AF,BETA,SE,Z,P,N,TRAIT,ref,ref.proxy,alt,alt.proxy,ALT,REF,proxy.outcome
rs7520047,rs7520050,0.983649,0.995867,CC/AA,NA,1,46432105,A,C,0.4197,0.00743269999999999,0.03358999999999999,0.22127716582316168,0.8249,810689,COVID_A2__EUR_w/o_UKBB,C,C,A,A,C,A,TRUE
rs34293785,rs1938498,0.974919,1,CC/TT,NA,1,66098653,T,C,0.3971,0.011631,0.026217,0.4436434374642408,0.6573,1059456,COVID_A2__EUR_w/o_UKBB,C,C,T,T,C,T,TRUE
rs377720202,rs56091027,0.966707,0.991505,TC/CT,NA,1,161615395,T,C,0.1398,0.017238,0.046635,0.36963653908009,0.7117,1049400,COVID_A2__EUR_w/o_UKBB,T,C,C,T,T,C,TRUE
rs145564694,rs142346568,0.856286,1,AC/CG,NA,2,219202614,G,C,0.006311,0.010623,0.23391,0.04541490316788509,0.9638,1046878,COVID_A2__EUR_w/o_UKBB,A,C,C,G,A,C,TRUE
rs143699489,rs113799399,1,1,GT/AC,NA,3,140926791,C,T,0.1164,0.0048991,0.049184,0.09960759596616788,0.9207,1049400,COVID_A2__EUR_w/o_UKBB,G,T,A,C,G,A,TRUE
rs13434265,rs2089979,0.967085,0.995757,TG/CA,NA,3,196501413,A,G,0.4065,-0.00361,0.033032,-0.1092879631872124,0.913,1049400,COVID_A2__EUR_w/o_UKBB,T,G,C,A,T,C,TRUE
rs9270636,rs9270772,0.815539,0.988874,CC/AT,NA,6,32568967,T,C,0.3123,-0.059261,0.034133,-1.7361790642486743,0.08254,1048997,COVID_A2__EUR_w/o_UKBB,C,C,A,T,C,A,TRUE
rs71548708,rs6454593,0.917429,0.971292,TA/CG,NA,6,87904899,G,A,0.479,-0.086627,0.025776,-3.360761949099938,7.773e-4,1059456,COVID_A2__EUR_w/o_UKBB,T,A,C,G,T,C,TRUE
rs28521954,rs14408,0.887553,0.944094,GC/TT,NA,11,308314,T,C,0.3693,0.027774,0.035357,0.785530446587663,0.4321,1046645,COVID_A2__EUR_w/o_UKBB,G,C,T,T,G,T,TRUE
rs60606273,rs3848148,0.884128,0.959198,AT/TC,NA,15,64637536,T,C,0.9366,0.080887,0.06270099999999999,1.29004322100126,0.197,1049400,COVID_A2__EUR_w/o_UKBB,A,T,T,C,T,A,TRUE
rs9330533,rs9330536,0.980101,0.991978,TC/CT,NA,17,81083854,T,C,0.445,0.021499,0.039987,0.5376497361642534,0.5908,1047518,COVID_A2__EUR_w/o_UKBB,T,C,C,T,T,C,TRUE
rs10206089,NA,NA,NA,NA,NA,NA,NA,NA,NA,NA,NA,NA,NA,NA,NA,NA,NA,NA,NA,NA,NA,NA,NA
rs1611434,NA,NA,NA,NA,NA,NA,NA,NA,NA,NA,NA,NA,NA,NA,NA,NA,NA,NA,NA,NA,NA,NA,NA
rs9273608,NA,NA,NA,NA,NA,NA,NA,NA,NA,NA,NA,NA,NA,NA,NA,NA,NA,NA,NA,NA,NA,NA,NA
rs11039436,NA,NA,NA,NA,NA,NA,NA,NA,NA,NA,NA,NA,NA,NA,NA,NA,NA,NA,NA,NA,NA,NA,NA
rs4906319,NA,NA,NA,NA,NA,NA,NA,NA,NA,NA,NA,NA,NA,NA,NA,NA,NA,NA,NA,NA,NA,NA,NA
rs11489942,NA,NA,NA,NA,NA,NA,NA,NA,NA,NA,NA,NA,NA,NA,NA,NA,NA,NA,NA,NA,NA,NA,NA
