target_snp,proxy_snp,ld.r2,Dprime,PHASE,X12,CHROM,POS,REF.proxy,ALT.proxy,AF,BETA,SE,Z,P,N,TRAIT,ref,ref.proxy,alt,alt.proxy,ALT,REF,proxy.outcome
rs187786174,rs745368,0.990767,1,AT/GC,NA,1,2524205,C,T,0.3255,0.018139,0.027757999999999998,0.6534692701203256,0.5135,1059053,COVID_A2__EUR_w/o_UKBB,A,T,G,C,A,G,TRUE
rs2858329,rs9275101,0.988131,1,AG/GA,NA,6,32649355,G,A,0.4818,-0.056867999999999995,0.032573000000000005,-1.7458631381819294,0.08083,1049400,COVID_A2__EUR_w/o_UKBB,A,G,G,A,G,A,TRUE
