target_snp,proxy_snp,ld.r2,Dprime,PHASE,X12,CHROM,POS,REF.proxy,ALT.proxy,AF,BETA,SE,Z,P,N,TRAIT,ref,ref.proxy,alt,alt.proxy,ALT,REF,proxy.outcome
rs7592578,rs7569128,1,1,TC/GA,NA,2,191446691,C,A,0.832,-0.03907,0.033541,-1.164843027935959,0.2441,1388342,COVID_A2__EUR,T,C,G,A,G,T,TRUE
rs11040503,rs10839355,0.866614,1,AA/CG,NA,11,49764142,G,A,0.1795,0.063537,0.035571,1.786202243400523,0.07407000000000001,1385587,COVID_A2__EUR,A,A,C,G,A,C,TRUE
rs521033,rs488866,0.928295,0.967382,GT/AA,NA,12,69949463,A,T,0.1366,-0.024630000000000003,0.035296,-0.697812783318223,0.4853,1388342,COVID_A2__EUR,G,T,A,A,G,A,TRUE
rs2376997,rs10211752,0.918408,1,AG/CA,NA,20,30415465,A,G,0.3091,0.0042879,0.033935,0.12635626933844113,0.8995,1376807,COVID_A2__EUR,A,G,C,A,A,C,TRUE
rs13042148,rs34587839,0.986559,1,TA/CG,NA,20,32300671,G,A,0.156,0.049641000000000005,0.033977999999999994,1.4609747483665905,0.144,1388342,COVID_A2__EUR,T,A,C,G,T,C,TRUE
rs7278003,rs2838320,0.852581,0.995337,TA/CG,NA,21,44995037,A,G,0.5972,0.08852,0.035093,2.522440372723905,0.01166,1378286,COVID_A2__EUR,T,A,C,G,C,T,TRUE
rs72704264,NA,NA,NA,NA,NA,NA,NA,NA,NA,NA,NA,NA,NA,NA,NA,NA,NA,NA,NA,NA,NA,NA,NA
rs34130368,NA,NA,NA,NA,NA,NA,NA,NA,NA,NA,NA,NA,NA,NA,NA,NA,NA,NA,NA,NA,NA,NA,NA
rs1903752,NA,NA,NA,NA,NA,NA,NA,NA,NA,NA,NA,NA,NA,NA,NA,NA,NA,NA,NA,NA,NA,NA,NA
rs34487963,NA,NA,NA,NA,NA,NA,NA,NA,NA,NA,NA,NA,NA,NA,NA,NA,NA,NA,NA,NA,NA,NA,NA
