target_snp,proxy_snp,ld.r2,Dprime,PHASE,X12,CHROM,POS,REF.proxy,ALT.proxy,AF,BETA,SE,Z,P,N,TRAIT,ref,ref.proxy,alt,alt.proxy,ALT,REF,proxy.outcome
rs75539574,rs75892241,0.925931,0.984412,CC/AA,NA,2,58924285,A,C,0.08598,0.021528,0.15295999999999998,0.14074267782426778,0.8881,1408,COVID:_hospitalized_vs._not_hospitalized,C,C,A,A,C,A,TRUE
rs34556183,rs36103239,0.993989,1,GA/AT,NA,6,28586282,T,A,0.2425,0.090711,0.088161,1.0289243543063258,0.3035,2956,COVID:_hospitalized_vs._not_hospitalized,G,A,A,T,G,A,TRUE
rs34731055,rs11772627,0.98803,0.993997,TC/CG,NA,7,2109821,G,C,0.179,-0.014899,0.10077,-0.14785154311799148,0.8825,2956,COVID:_hospitalized_vs._not_hospitalized,T,C,C,G,T,C,TRUE
rs8072993,rs4589616,0.851409,0.979781,TA/GC,NA,17,21349662,A,C,0.7309,-0.15138,0.087951,-1.7211856601971551,0.08522,2956,COVID:_hospitalized_vs._not_hospitalized,T,A,G,C,G,T,TRUE
rs553223732,rs140912760,1,1,CC/GT,NA,17,44289046,T,C,0.004828,-0.084133,0.5707899999999999,-0.14739746666900264,0.8828,2738,COVID:_hospitalized_vs._not_hospitalized,C,C,G,T,C,G,TRUE
rs10421649,rs12973413,0.9681,0.987871,TA/AG,NA,19,9942222,A,G,0.553,-0.18623,0.078346,-2.37701988614607,0.01745,2956,COVID:_hospitalized_vs._not_hospitalized,T,A,A,G,A,T,TRUE
rs538476570,NA,NA,NA,NA,NA,NA,NA,NA,NA,NA,NA,NA,NA,NA,NA,NA,NA,NA,NA,NA,NA,NA,NA
