target_snp,proxy_snp,ld.r2,Dprime,PHASE,X12,CHROM,POS,REF.proxy,ALT.proxy,AF,BETA,SE,Z,P,N,TRAIT,ref,ref.proxy,alt,alt.proxy,ALT,REF,proxy.outcome
rs4668134,rs75193630,1,1,TA/AC,NA,2,170208605,C,A,0.01443,0.038411,0.050848,0.7554082756450599,0.45,2507053,COVID_B2__EUR,T,A,A,C,T,A,TRUE
rs2625166,rs2560851,0.941158,1,AT/GC,NA,5,16887383,C,T,0.4293,-0.010815,0.011944,-0.9054755525787006,0.36523,2509514,COVID_B2__EUR,A,T,G,C,A,G,TRUE
rs6467958,rs8565,0.995152,1,TT/CC,NA,7,75630274,T,C,0.7173,0.036166,0.014094,2.566056477933872,0.010286,2498845,COVID_B2__EUR,T,T,C,C,C,T,TRUE
rs2252281,rs2453578,1,1,CC/TT,NA,17,19430645,T,C,0.3805,-0.01016,0.012786,-0.7946191146566557,0.42681,2498568,COVID_B2__EUR,C,C,T,T,C,T,TRUE
