target_snp,proxy_snp,ld.r2,Dprime,PHASE,X12,CHROM,POS,REF.proxy,ALT.proxy,AF,BETA,SE,Z,P,N,TRAIT,ref,ref.proxy,alt,alt.proxy,ALT,REF,proxy.outcome
rs187786174,rs745368,0.990767,1,AT/GC,NA,1,2524205,C,T,0.3276,0.015908000000000002,0.026393,0.6027355738263934,0.5467,1387939,COVID_A2__EUR,A,T,G,C,A,G,TRUE
rs2858329,rs9275101,0.988131,1,AG/GA,NA,6,32649355,G,A,0.48,-0.063872,0.030198000000000003,-2.1151069607258757,0.03442,1378286,COVID_A2__EUR,A,G,G,A,G,A,TRUE
