target_snp,proxy_snp,ld.r2,Dprime,PHASE,X12,CHROM,POS,REF.proxy,ALT.proxy,AF,BETA,SE,Z,P,N,TRAIT,ref,ref.proxy,alt,alt.proxy,ALT,REF,proxy.outcome
rs1117610,rs1117609,0.987358,1,TC/AG,NA,7,150541250,G,C,0.2252,0.011058,0.014776,0.7483757444504603,0.45421,2497887,COVID_B2__EUR,T,C,A,G,T,A,TRUE
rs78896587,rs76547628,0.970695,0.985239,TT/CC,NA,11,2077271,C,T,0.1798,0.016107,0.016293,0.9885840545019334,0.32287,2497750,COVID_B2__EUR,T,T,C,C,T,C,TRUE
rs116989257,rs4820058,0.911847,1,GG/AA,NA,22,32345733,A,G,0.07462,0.017716,0.024327,0.728244337567312,0.46645,2508764,COVID_B2__EUR,G,G,A,A,G,A,TRUE
