target_snp,proxy_snp,ld.r2,Dprime,PHASE,X12,CHROM,POS,REF.proxy,ALT.proxy,AF,BETA,SE,Z,P,N,TRAIT,ref,ref.proxy,alt,alt.proxy,ALT,REF,proxy.outcome
rs4668134,rs75193630,1,1,TA/AC,NA,2,170208605,C,A,0.02106,0.056122000000000005,0.031362,1.7894904661692494,0.07354,1682746,COVID_C2__EUR,T,A,A,C,T,A,TRUE
rs2252281,rs2453578,1,1,CC/TT,NA,17,19430645,T,C,0.3741,-0.016047,0.0086728,-1.8502675029978783,0.06427999999999999,1593478,COVID_C2__EUR,C,C,T,T,C,T,TRUE
