SNP,effect_allele.exposure,other_allele.exposure,effect_allele.outcome,other_allele.outcome,beta.exposure,beta.outcome,eaf.exposure,eaf.outcome,remove,palindromic,ambiguous,id.outcome,chr.outcome,pos.outcome,se.outcome,z.outcome,pval.outcome,samplesize.outcome,outcome,mr_keep.outcome,pval_origin.outcome,chr.exposure,pos.exposure,se.exposure,z.exposure,pval.exposure,samplesize.exposure,exposure,mr_keep.exposure,pval_origin.exposure,id.exposure,action,mr_keep,pt,pleitropy_keep
rs11979341,G,C,G,C,0.0655817,0.037141,0.3163,0.331755,FALSE,TRUE,FALSE,0NH4VK,7,155797978,0.030170999999999996,1.2310165390606875,0.2183,12,covidhgi2020anaC2v2woUKBB,TRUE,reported,7,155797978,0.00970861137968525,6.755,1.4239999999999999e-11,24484,Hilbar2017hipv,TRUE,reported,loNNO3,2,TRUE,5e-8,TRUE
rs2268894,T,C,T,C,-0.056681699959825686,-0.005118899999999999,0.5412,0.559688,FALSE,FALSE,FALSE,0NH4VK,2,162856148,0.026254000000000003,-0.1949760036565856,0.8454,14,covidhgi2020anaC2v2woUKBB,TRUE,reported,2,162856148,0.00865898257864737,-6.546,5.894e-11,26814,Hilbar2017hipv,TRUE,reported,loNNO3,2,TRUE,5e-8,TRUE
rs2289881,T,G,T,G,-0.0501469012631794,0.026587,0.3544,0.365062,FALSE,FALSE,FALSE,0NH4VK,5,66084260,0.028266000000000003,0.940600014151277,0.3469,14,covidhgi2020anaC2v2woUKBB,TRUE,reported,5,66084260,0.009022472339542892,-5.558,2.7280000000000003e-8,26814,Hilbar2017hipv,TRUE,reported,loNNO3,2,TRUE,5e-8,TRUE
rs61921502,G,T,G,T,-0.107884,0.08189099999999999,0.1534,0.14724,FALSE,FALSE,FALSE,0NH4VK,12,65832468,0.039570999999999995,2.069470066462814,0.0385,13,covidhgi2020anaC2v2woUKBB,TRUE,reported,12,65832468,0.011964510717245714,-9.017,1.941e-19,26814,Hilbar2017hipv,TRUE,reported,loNNO3,2,TRUE,5e-8,TRUE
rs7020341,C,G,C,G,0.05989482492183185,0.021612,0.359,0.411583,FALSE,TRUE,FALSE,0NH4VK,9,119247974,0.027614,0.7826464836677047,0.4338,14,covidhgi2020anaC2v2woUKBB,TRUE,reported,9,119247974,0.009013517670704569,6.645,3.035e-11,26700,Hilbar2017hipv,TRUE,reported,loNNO3,2,TRUE,5e-8,TRUE
rs77956314,C,T,C,T,0.161854,0.086332,0.084,0.0739178,FALSE,FALSE,FALSE,0NH4VK,12,117323367,0.049652999999999996,1.7387066239703546,0.08209,14,covidhgi2020anaC2v2woUKBB,TRUE,reported,12,117323367,0.015536015627474566,10.418,2.0550000000000002e-25,26814,Hilbar2017hipv,TRUE,reported,loNNO3,2,TRUE,5e-8,TRUE
