target_snp,proxy_snp,ld.r2,Dprime,PHASE,X12,CHROM,POS,REF.proxy,ALT.proxy,AF,BETA,SE,Z,P,N,TRAIT,ref,ref.proxy,alt,alt.proxy,ALT,REF,proxy.outcome
rs12407439,rs10917119,0.910227,1,GA/AG,NA,1,22348409,G,A,0.1664,0.072799,0.033622,2.1652192017131635,0.03036999999999999,1546734,COVID_B2__EUR_w/o_UKBB,G,A,A,G,G,A,TRUE
rs6677536,rs10749820,1,1,CC/AG,NA,1,73812598,C,G,0.6092,-0.030022,0.021199,-1.4161988773055332,0.1567,1554182,COVID_B2__EUR_w/o_UKBB,C,C,A,G,A,C,TRUE
rs13420733,rs12995305,0.995641,1,AT/TC,NA,2,52996460,C,T,0.3444,-0.0061215,0.021678,-0.28238306116800443,0.7777,1554182,COVID_B2__EUR_w/o_UKBB,A,T,T,C,A,T,TRUE
rs9540715,rs1334398,0.846074,1,AT/CC,NA,13,66930599,T,C,0.4808,-0.01536899999999999,0.025817,-0.5953054189100204,0.5516,1544126,COVID_B2__EUR_w/o_UKBB,A,T,C,C,C,A,TRUE
