target_snp,proxy_snp,ld.r2,Dprime,PHASE,X12,CHROM,POS,REF.proxy,ALT.proxy,AF,BETA,SE,Z,P,N,TRAIT,ref,ref.proxy,alt,alt.proxy,ALT,REF,proxy.outcome
rs187786174,rs745368,0.990767,1,AT/GC,NA,1,2524205,C,T,0.3234,-0.0016915,0.012687,-0.13332545124931033,0.89393,2508901,COVID_B2__EUR,A,T,G,C,A,G,TRUE
rs117690609,rs184678185,1,1,AG/GT,NA,3,156828303,T,G,0.03533,-0.01076,0.03848,-0.2796257796257796,0.77977,2088080,COVID_B2__EUR,A,G,G,T,A,G,TRUE
rs2858329,rs9275101,0.988131,1,AG/GA,NA,6,32649355,G,A,0.4708,-0.02549,0.013572,-1.878131447096964,0.060363,2362491,COVID_B2__EUR,A,G,G,A,G,A,TRUE
rs71540792,rs71540791,0.836773,0.980917,GA/TG,NA,7,17207873,G,A,0.1162,0.04786,0.018088,2.645953118089341,0.0081448,2508624,COVID_B2__EUR,G,A,T,G,G,T,TRUE
rs9378815,NA,NA,NA,NA,NA,NA,NA,NA,NA,NA,NA,NA,NA,NA,NA,NA,NA,NA,NA,NA,NA,NA,NA
