SNP,effect_allele.exposure,other_allele.exposure,effect_allele.outcome,other_allele.outcome,beta.exposure,beta.outcome,eaf.exposure,eaf.outcome,remove,palindromic,ambiguous,id.outcome,chr.outcome,pos.outcome,se.outcome,z.outcome,pval.outcome,samplesize.outcome,outcome,mr_keep.outcome,pval_origin.outcome,chr.exposure,pos.exposure,se.exposure,z.exposure,pval.exposure,samplesize.exposure,exposure,mr_keep.exposure,pval_origin.exposure,id.exposure,action,mr_keep,pt,pleitropy_keep
rs11979341,G,C,G,C,0.0655817,-0.069255,0.3163,0.331755,FALSE,TRUE,FALSE,i8aLDc,7,155797978,0.17064000000000001,-0.4058544303797468,0.6849,2,covidhgi2020anaB1v2woUKBB,TRUE,reported,7,155797978,0.00970861137968525,6.755,1.4239999999999999e-11,24484,Hilbar2017hipv,TRUE,reported,HrKFY3,2,TRUE,5e-8,TRUE
rs2268894,T,C,T,C,-0.056681699959825686,0.042318,0.5412,0.559688,FALSE,FALSE,FALSE,i8aLDc,2,162856148,0.15227000000000002,0.277914231299665,0.7811,2,covidhgi2020anaB1v2woUKBB,TRUE,reported,2,162856148,0.00865898257864737,-6.546,5.894e-11,26814,Hilbar2017hipv,TRUE,reported,HrKFY3,2,TRUE,5e-8,TRUE
rs2289881,T,G,T,G,-0.0501469012631794,0.061926,0.3544,0.365062,FALSE,FALSE,FALSE,i8aLDc,5,66084260,0.1663,0.3723752254960914,0.7096,2,covidhgi2020anaB1v2woUKBB,TRUE,reported,5,66084260,0.009022472339542892,-5.558,2.7280000000000003e-8,26814,Hilbar2017hipv,TRUE,reported,HrKFY3,2,TRUE,5e-8,TRUE
rs61921502,G,T,G,T,-0.107884,0.27948,0.1534,0.14724,FALSE,FALSE,FALSE,i8aLDc,12,65832468,0.21686999999999998,1.2886982985198507,0.1975,2,covidhgi2020anaB1v2woUKBB,TRUE,reported,12,65832468,0.011964510717245714,-9.017,1.941e-19,26814,Hilbar2017hipv,TRUE,reported,HrKFY3,2,TRUE,5e-8,TRUE
rs7020341,C,G,C,G,0.05989482492183185,0.054658000000000005,0.359,0.411583,FALSE,TRUE,FALSE,i8aLDc,9,119247974,0.15585,0.3507090150786013,0.7258,2,covidhgi2020anaB1v2woUKBB,TRUE,reported,9,119247974,0.009013517670704569,6.645,3.035e-11,26700,Hilbar2017hipv,TRUE,reported,HrKFY3,2,TRUE,5e-8,TRUE
rs77956314,C,T,C,T,0.161854,-0.2791,0.084,0.0739178,FALSE,FALSE,FALSE,i8aLDc,12,117323367,0.316,-0.8832278481012659,0.3771,2,covidhgi2020anaB1v2woUKBB,TRUE,reported,12,117323367,0.015536015627474566,10.418,2.0550000000000002e-25,26814,Hilbar2017hipv,TRUE,reported,HrKFY3,2,TRUE,5e-8,TRUE
