target_snp,proxy_snp,ld.r2,Dprime,PHASE,X12,CHROM,POS,REF.proxy,ALT.proxy,AF,BETA,SE,Z,P,N,TRAIT,ref,ref.proxy,alt,alt.proxy,ALT,REF,proxy.outcome
rs78614739,rs17162315,1,1,TA/CT,NA,1,27176431,T,A,0.1623,-0.015666,0.02653,-0.5905013192612136,0.55486,1639838,COVID_A2__EUR,T,A,C,T,T,C,TRUE
rs4668134,rs75193630,1,1,TA/AC,NA,2,170208605,C,A,0.0146,0.018554,0.077184,0.24038660862354896,0.81003,1637753,COVID_A2__EUR,T,A,A,C,T,A,TRUE
rs2625166,rs2560851,0.941158,1,AT/GC,NA,5,16887383,C,T,0.4259,0.018074,0.019233,0.9397389902771278,0.34736,1639838,COVID_A2__EUR,A,T,G,C,A,G,TRUE
rs6467958,rs8565,0.995152,1,TT/CC,NA,7,75630274,T,C,0.7087,0.021965,0.024706,0.8890552902129037,0.37397,1629379,COVID_A2__EUR,T,T,C,C,C,T,TRUE
rs2252281,rs2453578,1,1,CC/TT,NA,17,19430645,T,C,0.3739,0.0086908,0.022078,0.3936407283268412,0.69385,1629058,COVID_A2__EUR,C,C,T,T,C,T,TRUE
