target_snp,proxy_snp,ld.r2,Dprime,PHASE,X12,CHROM,POS,REF.proxy,ALT.proxy,AF,BETA,SE,Z,P,N,TRAIT,ref,ref.proxy,alt,alt.proxy,ALT,REF,proxy.outcome
rs7592578,rs7569128,1,1,TC/GA,NA,2,191446691,C,A,0.8346,-0.018077,0.012322,-1.467050803441,0.1424,1673739,COVID_C2__EUR,T,C,G,A,G,T,TRUE
rs11040503,rs10839355,0.866614,1,AA/CG,NA,11,49764142,G,A,0.1899,-8.5323e-4,0.010924,-0.07810600512632736,0.9377,1680448,COVID_C2__EUR,A,A,C,G,A,C,TRUE
rs521033,rs488866,0.928295,0.967382,GT/AA,NA,12,69949463,A,T,0.139,0.0095525,0.011557,0.8265553344293503,0.4085,1683769,COVID_C2__EUR,G,T,A,A,G,A,TRUE
rs1903752,rs334417,0.984055,0.995972,CG/TA,NA,18,7127444,G,A,0.5152,0.014953,0.0093462,1.5999015642721104,0.1096,1552493,COVID_C2__EUR,C,G,T,A,T,C,TRUE
rs2376997,rs10211752,0.918408,1,AG/CA,NA,20,30415465,A,G,0.3131,-0.0088279,0.0091271,-0.9672185031390035,0.3334,1671282,COVID_C2__EUR,A,G,C,A,A,C,TRUE
rs13042148,rs34587839,0.986559,1,TA/CG,NA,20,32300671,G,A,0.156,-0.017953999999999998,0.011241,-1.5971888622008716,0.1102,1683769,COVID_C2__EUR,T,A,C,G,T,C,TRUE
rs7278003,rs2838320,0.852581,0.995337,TA/CG,NA,21,44995037,A,G,0.6156,0.0028523000000000003,0.0097751,0.2917924113308304,0.7704,1663324,COVID_C2__EUR,T,A,C,G,C,T,TRUE
rs72704264,NA,NA,NA,NA,NA,NA,NA,NA,NA,NA,NA,NA,NA,NA,NA,NA,NA,NA,NA,NA,NA,NA,NA
rs34130368,NA,NA,NA,NA,NA,NA,NA,NA,NA,NA,NA,NA,NA,NA,NA,NA,NA,NA,NA,NA,NA,NA,NA
rs34487963,NA,NA,NA,NA,NA,NA,NA,NA,NA,NA,NA,NA,NA,NA,NA,NA,NA,NA,NA,NA,NA,NA,NA
