target_snp,proxy_snp,ld.r2,Dprime,PHASE,X12,CHROM,POS,REF.proxy,ALT.proxy,AF,BETA,SE,Z,P,N,TRAIT,ref,ref.proxy,alt,alt.proxy,ALT,REF,proxy.outcome
rs12407439,rs10917119,0.910227,1,GA/AG,NA,1,22348409,G,A,0.1652,0.08528999999999999,0.027549,3.0959381465751927,0.001962,1876981,COVID_B2__EUR,G,A,A,G,G,A,TRUE
rs6677536,rs10749820,1,1,CC/AG,NA,1,73812598,C,G,0.6121,-0.037466,0.018264,-2.0513578624616735,0.04023,1884429,COVID_B2__EUR,C,C,A,G,A,C,TRUE
rs13420733,rs12995305,0.995641,1,AT/TC,NA,2,52996460,C,T,0.3503,-0.0048384,0.018563,-0.26064752464580077,0.7944,1884429,COVID_B2__EUR,A,T,T,C,A,T,TRUE
rs9540715,rs1334398,0.846074,1,AT/CC,NA,13,66930599,T,C,0.4801,-0.024248,0.020756999999999998,-1.1681842270077565,0.2427,1874373,COVID_B2__EUR,A,T,C,C,C,A,TRUE
