SNP,effect_allele.exposure,other_allele.exposure,effect_allele.outcome,other_allele.outcome,beta.exposure,beta.outcome,eaf.exposure,eaf.outcome,remove,palindromic,ambiguous,id.outcome,chr.outcome,pos.outcome,se.outcome,z.outcome,pval.outcome,samplesize.outcome,outcome,mr_keep.outcome,pval_origin.outcome,chr.exposure,pos.exposure,se.exposure,z.exposure,pval.exposure,samplesize.exposure,exposure,mr_keep.exposure,pval_origin.exposure,id.exposure,action,mr_keep,pt,pleitropy_keep,mrpresso_RSSobs,mrpresso_pval,mrpresso_keep
rs11979341,G,C,G,C,0.0655817,0.0023396999999999997,0.3163,0.357,FALSE,TRUE,FALSE,ryGDNv,7,155797978,0.020222999999999998,0.11569500074172971,0.9079,91191,covidhgi2020anaC1v3,TRUE,reported,7,155797978,0.00970861137968525,6.755,1.4239999999999999e-11,24484,Hilbar2017hipv,TRUE,reported,19JFCl,2,TRUE,5e-8,TRUE,NA,NA,TRUE
rs2268894,T,C,T,C,-0.056681699959825686,-0.028394,0.5412,0.5271,FALSE,FALSE,FALSE,ryGDNv,2,162856148,0.019025,-1.4924572930354796,0.1356,87726,covidhgi2020anaC1v3,TRUE,reported,2,162856148,0.00865898257864737,-6.546,5.894e-11,26814,Hilbar2017hipv,TRUE,reported,19JFCl,2,TRUE,5e-8,TRUE,NA,NA,TRUE
rs2289881,T,G,T,G,-0.0501469012631794,0.0016887999999999998,0.3544,0.3641,FALSE,FALSE,FALSE,ryGDNv,5,66084260,0.019527000000000003,0.08648537921851793,0.9311,91561,covidhgi2020anaC1v3,TRUE,reported,5,66084260,0.009022472339542892,-5.558,2.7280000000000003e-8,26814,Hilbar2017hipv,TRUE,reported,19JFCl,2,TRUE,5e-8,TRUE,NA,NA,TRUE
rs61921502,G,T,G,T,-0.107884,0.012813,0.1534,0.1821,FALSE,FALSE,FALSE,ryGDNv,12,65832468,0.023750999999999998,0.539472022230643,0.5896,127267,covidhgi2020anaC1v3,TRUE,reported,12,65832468,0.011964510717245714,-9.017,1.941e-19,26814,Hilbar2017hipv,TRUE,reported,19JFCl,2,TRUE,5e-8,TRUE,NA,NA,TRUE
rs7020341,C,G,C,G,0.05989482492183185,0.021542,0.359,0.389,FALSE,TRUE,FALSE,ryGDNv,9,119247974,0.016326,1.3194903834374616,0.187,127637,covidhgi2020anaC1v3,TRUE,reported,9,119247974,0.009013517670704569,6.645,3.035e-11,26700,Hilbar2017hipv,TRUE,reported,19JFCl,2,TRUE,5e-8,TRUE,NA,NA,TRUE
rs77956314,C,T,C,T,0.161854,0.011779000000000001,0.084,0.1305,FALSE,FALSE,FALSE,ryGDNv,12,117323367,0.029401999999999998,0.4006190055098293,0.6887,127637,covidhgi2020anaC1v3,TRUE,reported,12,117323367,0.015536015627474566,10.418,2.0550000000000002e-25,26814,Hilbar2017hipv,TRUE,reported,19JFCl,2,TRUE,5e-8,TRUE,NA,NA,TRUE
