target_snp,proxy_snp,ld.r2,Dprime,PHASE,X12,CHROM,POS,REF.proxy,ALT.proxy,AF,BETA,SE,Z,P,N,TRAIT,ref,ref.proxy,alt,alt.proxy,ALT,REF,proxy.outcome
rs60710459,rs72872744,0.943745,0.975421,GG/AC,NA,2,48704719,C,G,0.1268,-0.0028625,0.0062424,-0.4585576060489555,0.64655,2393659,COVID_C2__EUR,G,G,A,C,G,A,TRUE
rs56145559,rs56672945,0.988278,1,TT/CC,NA,2,73622663,C,T,0.2284,0.0032233,0.0051351,0.6276995579443438,0.5302,2392701,COVID_C2__EUR,T,T,C,C,T,C,TRUE
rs17405686,rs11888760,0.980153,0.991999,GT/AA,NA,2,198243749,A,T,0.4391,-4.5862e-4,0.004371,-0.10492335849919927,0.91644,2310640,COVID_C2__EUR,G,T,A,A,G,A,TRUE
rs7819570,rs35672725,1,1,TT/GC,NA,8,89581838,C,T,0.1713,-9.483e-4,0.0055869,-0.16973634752725125,0.86522,2393659,COVID_C2__EUR,T,T,G,C,T,G,TRUE
rs11785400,rs9771845,1,1,TG/CC,NA,8,143726577,C,G,0.3591,-0.003071,0.0045246,-0.678734,0.49731,2383244,COVID_C2__EUR,T,G,C,C,T,C,TRUE
rs12416552,rs113925720,0.989669,0.994821,GC/AG,NA,10,3728452,G,C,0.2477,0.006032,0.004971,1.2134379400523034,0.22496,2393300,COVID_C2__EUR,G,C,A,G,G,A,TRUE
rs67119537,rs4494498,0.812571,0.994621,CT/TG,NA,15,84817152,T,G,0.7169,0.0033533,0.0048446,0.6921727283986294,0.48883,2383603,COVID_C2__EUR,C,T,T,G,T,C,TRUE
rs34753377,rs11642231,0.90155,0.959883,GA/TG,NA,16,89608702,G,A,0.3845,-0.0068831,0.0044762,-1.5377105580626425,0.12412,2393300,COVID_C2__EUR,G,A,T,G,G,T,TRUE
rs56873913,rs8113357,0.99419,1,GC/TT,NA,19,50089910,T,C,0.2286,-0.0032301,0.005103,-0.6329805996472664,0.52675,2383244,COVID_C2__EUR,G,C,T,T,G,T,TRUE
rs3041596,NA,NA,NA,NA,NA,NA,NA,NA,NA,NA,NA,NA,NA,NA,NA,NA,NA,NA,NA,NA,NA,NA,NA
rs13150898,NA,NA,NA,NA,NA,NA,NA,NA,NA,NA,NA,NA,NA,NA,NA,NA,NA,NA,NA,NA,NA,NA,NA
rs186545906,NA,NA,NA,NA,NA,NA,NA,NA,NA,NA,NA,NA,NA,NA,NA,NA,NA,NA,NA,NA,NA,NA,NA
rs191002062,NA,NA,NA,NA,NA,NA,NA,NA,NA,NA,NA,NA,NA,NA,NA,NA,NA,NA,NA,NA,NA,NA,NA
rs113397282,NA,NA,NA,NA,NA,NA,NA,NA,NA,NA,NA,NA,NA,NA,NA,NA,NA,NA,NA,NA,NA,NA,NA
rs7476852,NA,NA,NA,NA,NA,NA,NA,NA,NA,NA,NA,NA,NA,NA,NA,NA,NA,NA,NA,NA,NA,NA,NA
