target_snp,proxy_snp,ld.r2,Dprime,PHASE,X12,CHROM,POS,REF.proxy,ALT.proxy,AF,BETA,SE,Z,P,N,TRAIT,ref,ref.proxy,alt,alt.proxy,ALT,REF,proxy.outcome
rs113615161,rs12667929,1,1,TT/CG,NA,7,114512017,G,T,0.1392,0.014085,0.011838,1.1898124683223519,0.2341,1682500,COVID_C2__EUR,T,T,C,G,T,C,TRUE
rs4888746,rs9922536,0.852044,1,GT/AC,NA,16,78171066,C,T,0.4457,-0.007776000000000001,0.0082187,-0.9461350335211165,0.3441,1673713,COVID_C2__EUR,G,T,A,C,G,A,TRUE
rs11657342,rs7226066,0.995751,1,AG/GA,NA,17,79354785,A,G,0.3659,-0.005168600000000001,0.0095256,-0.5426009910136894,0.5874,1554069,COVID_C2__EUR,A,G,G,A,A,G,TRUE
