target_snp,proxy_snp,ld.r2,Dprime,PHASE,X12,CHROM,POS,REF.proxy,ALT.proxy,AF,BETA,SE,Z,P,N,TRAIT,ref,ref.proxy,alt,alt.proxy,ALT,REF,proxy.outcome
rs6699744,rs2012697,1,1,AT/TC,NA,1,72819612,T,C,0.610788,0.25374,0.16074000000000002,1.5785740948114968,0.1144,2,COVID:_hospitalized_vs._not_hospitalized__woUKBB,A,T,T,C,T,A,TRUE
rs2463652,rs7587108,0.996007,1,AT/CC,NA,2,157111448,C,T,0.436053,-0.22728,0.15209,-1.4943783286212111,0.1351,2,COVID:_hospitalized_vs._not_hospitalized__woUKBB,A,T,C,C,A,C,TRUE
rs13082002,rs35883702,0.992051,0.996018,AG/TC,NA,3,117316062,C,G,0.472555,0.26537,0.14703,1.8048697544718766,0.07111,2,COVID:_hospitalized_vs._not_hospitalized__woUKBB,A,G,T,C,A,T,TRUE
rs12514375,rs1445980,0.979437,1,TA/AG,NA,5,60798733,G,A,0.365644,0.10985999999999999,0.15782000000000002,0.6961094918261309,0.4864,2,COVID:_hospitalized_vs._not_hospitalized__woUKBB,T,A,A,G,T,A,TRUE
rs16891727,rs9348721,0.980408,1,AG/CA,NA,6,26485573,A,G,0.106341,0.28224,0.23748000000000002,1.1884790298130368,0.2346,2,COVID:_hospitalized_vs._not_hospitalized__woUKBB,A,G,C,A,A,C,TRUE
rs34634095,rs510388,0.935389,1,CT/AG,NA,11,111451869,T,G,0.703381,0.3197,0.18178,1.7587193310595224,0.07862999999999999,2,COVID:_hospitalized_vs._not_hospitalized__woUKBB,C,T,A,G,A,C,TRUE
