target_snp,proxy_snp,ld.r2,Dprime,PHASE,X12,CHROM,POS,REF.proxy,ALT.proxy,AF,BETA,SE,Z,P,N,TRAIT,ref,ref.proxy,alt,alt.proxy,ALT,REF,proxy.outcome
rs7592578,rs7569128,1,1,TC/GA,NA,2,191446691,C,A,0.8401,-0.0269,0.01461,-1.8412046543463385,0.06559,1338672,COVID_C2__EUR_w/o_UKBB,T,C,G,A,G,T,TRUE
rs11040503,rs10839355,0.866614,1,AA/CG,NA,11,49764142,G,A,0.1931,0.0059092,0.012357,0.4782066844703407,0.6325,1345381,COVID_C2__EUR_w/o_UKBB,A,A,C,G,A,C,TRUE
rs521033,rs488866,0.928295,0.967382,GT/AA,NA,12,69949463,A,T,0.1386,0.00579769999999999,0.01294,0.4480448222565687,0.6541,1348702,COVID_C2__EUR_w/o_UKBB,G,T,A,A,G,A,TRUE
rs1903752,rs334419,0.984055,0.995972,CC/TT,NA,18,7127580,C,T,0.5075,0.0088552,0.010911,0.8115846393547795,0.417,1222823,COVID_C2__EUR_w/o_UKBB,C,C,T,T,T,C,TRUE
rs2376997,rs10211752,0.918408,1,AG/CA,NA,20,30415465,A,G,0.3187,-0.0097246,0.010309,-0.9433116694150744,0.3455,1336215,COVID_C2__EUR_w/o_UKBB,A,G,C,A,A,C,TRUE
rs13042148,rs34587839,0.986559,1,TA/CG,NA,20,32300671,G,A,0.1564,-0.015113,0.012628,-1.1967849223946785,0.2314,1348702,COVID_C2__EUR_w/o_UKBB,T,A,C,G,T,C,TRUE
rs7278003,rs2838320,0.852581,0.995337,TA/CG,NA,21,44995037,A,G,0.6221,-0.00219109999999999,0.011604,-0.1888228197173388,0.8502,1328257,COVID_C2__EUR_w/o_UKBB,T,A,C,G,C,T,TRUE
rs72704264,NA,NA,NA,NA,NA,NA,NA,NA,NA,NA,NA,NA,NA,NA,NA,NA,NA,NA,NA,NA,NA,NA,NA
rs34130368,NA,NA,NA,NA,NA,NA,NA,NA,NA,NA,NA,NA,NA,NA,NA,NA,NA,NA,NA,NA,NA,NA,NA
rs34487963,NA,NA,NA,NA,NA,NA,NA,NA,NA,NA,NA,NA,NA,NA,NA,NA,NA,NA,NA,NA,NA,NA,NA
