SNP,effect_allele.exposure,other_allele.exposure,effect_allele.outcome,other_allele.outcome,beta.exposure,beta.outcome,eaf.exposure,eaf.outcome,remove,palindromic,ambiguous,id.outcome,chr.outcome,pos.outcome,se.outcome,z.outcome,pval.outcome,samplesize.outcome,outcome,mr_keep.outcome,pval_origin.outcome,chr.exposure,pos.exposure,se.exposure,z.exposure,pval.exposure,samplesize.exposure,exposure,mr_keep.exposure,pval_origin.exposure,id.exposure,action,mr_keep,pt,pleitropy_keep
rs11979341,G,C,G,C,0.0655817,0.011276000000000001,0.3163,0.3533,FALSE,TRUE,FALSE,fEdlIP,7,155797978,0.054867,0.20551515482895003,0.8372,249899,covidhgi2020anaA2v3,TRUE,reported,7,155797978,0.00970861137968525,6.755,1.4239999999999999e-11,24484,Hilbar2017hipv,TRUE,reported,v80Opj,2,TRUE,5e-8,TRUE
rs2268894,T,C,T,C,-0.056681699959825686,-0.031474,0.5412,0.5789,FALSE,FALSE,FALSE,fEdlIP,2,162856148,0.048207,-0.6528927334204576,0.5138,277276,covidhgi2020anaA2v3,TRUE,reported,2,162856148,0.00865898257864737,-6.546,5.894e-11,26814,Hilbar2017hipv,TRUE,reported,v80Opj,2,TRUE,5e-8,TRUE
rs2289881,T,G,T,G,-0.0501469012631794,-0.038299,0.3544,0.3799,FALSE,FALSE,FALSE,fEdlIP,5,66084260,0.053413999999999996,-0.7170217545961733,0.4734,277276,covidhgi2020anaA2v3,TRUE,reported,5,66084260,0.009022472339542892,-5.558,2.7280000000000003e-8,26814,Hilbar2017hipv,TRUE,reported,v80Opj,2,TRUE,5e-8,TRUE
rs61921502,G,T,G,T,-0.107884,0.20515999999999998,0.1534,0.1442,FALSE,FALSE,FALSE,fEdlIP,12,65832468,0.080991,2.533120964057735,0.0113,249899,covidhgi2020anaA2v3,TRUE,reported,12,65832468,0.011964510717245714,-9.017,1.941e-19,26814,Hilbar2017hipv,TRUE,reported,v80Opj,2,TRUE,5e-8,TRUE
rs7020341,C,G,C,G,0.05989482492183185,0.065912,0.359,0.4128,FALSE,TRUE,FALSE,fEdlIP,9,119247974,0.034121,1.931713607455819,0.05339,287332,covidhgi2020anaA2v3,TRUE,reported,9,119247974,0.009013517670704569,6.645,3.035e-11,26700,Hilbar2017hipv,TRUE,reported,v80Opj,2,TRUE,5e-8,TRUE
rs77956314,C,T,C,T,0.161854,-0.016028,0.084,0.06552,FALSE,FALSE,FALSE,fEdlIP,12,117323367,0.057665999999999995,-0.27794540977352344,0.7811,287332,covidhgi2020anaA2v3,TRUE,reported,12,117323367,0.015536015627474566,10.418,2.0550000000000002e-25,26814,Hilbar2017hipv,TRUE,reported,v80Opj,2,TRUE,5e-8,TRUE
