target_snp,proxy_snp,ld.r2,Dprime,PHASE,X12,CHROM,POS,REF.proxy,ALT.proxy,AF,BETA,SE,Z,P,N,TRAIT,ref,ref.proxy,alt,alt.proxy,ALT,REF,proxy.outcome
rs7776010,rs7750910,0.982945,1,CC/TG,NA,6,14723543,G,C,0.152,0.018976,0.030416000000000002,0.6238821672803787,0.5327,1544753,COVID_B2__EUR_w/o_UKBB,C,C,T,G,C,T,TRUE
rs11222416,rs10894302,0.992036,1,TT/CC,NA,11,130861994,C,T,0.4572,0.021072999999999998,0.02147,0.9815090824406147,0.3263,1279763,COVID_B2__EUR_w/o_UKBB,T,T,C,C,T,C,TRUE
rs28420834,rs8037224,0.855081,0.995297,AG/GA,NA,15,82464530,G,A,0.5926,-0.028454000000000004,0.023916999999999997,-1.1896977045616093,0.2342,1546734,COVID_B2__EUR_w/o_UKBB,A,G,G,A,G,A,TRUE
