target_snp,proxy_snp,ld.r2,Dprime,PHASE,X12,CHROM,POS,REF.proxy,ALT.proxy,AF,BETA,SE,Z,P,N,TRAIT,ref,ref.proxy,alt,alt.proxy,ALT,REF,proxy.outcome
rs6846348,rs7677679,0.849689,1,AT/GA,NA,4,123275434,A,T,0.3058,0.009298200000000001,0.0086961,1.0692379342463865,0.285,1683769,COVID_C2__EUR,A,T,G,A,A,G,TRUE
rs7936070,rs7936312,1,1,TT/GG,NA,11,76293726,G,T,0.4583,-0.008729299999999999,0.008207299999999999,-1.063601915368026,0.2875,1674649,COVID_C2__EUR,T,T,G,G,T,G,TRUE
rs11178649,rs10879261,1,1,TG/GT,NA,12,71520761,T,G,0.4032,9.4949e-4,0.008174500000000001,0.11615266988806654,0.9075,1613013,COVID_C2__EUR,T,G,G,T,T,G,TRUE
rs169365,rs5758343,0.994171,1,GA/AT,NA,22,41816652,A,T,0.788,0.015333000000000001,0.010889,1.408118284507301,0.1591,964357,COVID_C2__EUR,G,A,A,T,A,G,TRUE
rs2230624,NA,NA,NA,NA,NA,NA,NA,NA,NA,NA,NA,NA,NA,NA,NA,NA,NA,NA,NA,NA,NA,NA,NA
rs6926894,NA,NA,NA,NA,NA,NA,NA,NA,NA,NA,NA,NA,NA,NA,NA,NA,NA,NA,NA,NA,NA,NA,NA
