target_snp,proxy_snp,ld.r2,Dprime,PHASE,X12,CHROM,POS,REF.proxy,ALT.proxy,AF,BETA,SE,Z,P,N,TRAIT,ref,ref.proxy,alt,alt.proxy,ALT,REF,proxy.outcome
rs7520047,rs7520050,0.983649,0.995867,CC/AA,NA,1,46432105,A,C,0.4173,0.0058597,0.031152999999999997,0.18809424453503676,0.8508,1139575,COVID_A2__EUR,C,C,A,A,C,A,TRUE
rs34293785,rs1938498,0.974919,1,CC/TT,NA,1,66098653,T,C,0.3907,0.018715,0.025012,0.7482408443946905,0.4543,1388342,COVID_A2__EUR,C,C,T,T,C,T,TRUE
rs377720202,rs56091027,0.966707,0.991505,TC/CT,NA,1,161615395,T,C,0.1403,0.027543,0.043181,0.6378499803154166,0.5236,1378286,COVID_A2__EUR,T,C,C,T,T,C,TRUE
rs145564694,rs142346568,0.856286,1,AC/CG,NA,2,219202614,G,C,0.006165,-0.011479999999999999,0.21456,-0.053504847129008194,0.9573,1375764,COVID_A2__EUR,A,C,C,G,A,C,TRUE
rs143699489,rs113799399,1,1,GT/AC,NA,3,140926791,C,T,0.1186,-0.028738999999999997,0.045649,-0.6295647221187758,0.529,1378286,COVID_A2__EUR,G,T,A,C,G,A,TRUE
rs13434265,rs2089979,0.967085,0.995757,TG/CA,NA,3,196501413,A,G,0.4091,-0.0047592,0.030637,-0.15534158044194926,0.8766,1378286,COVID_A2__EUR,T,G,C,A,T,C,TRUE
rs9270636,rs9270772,0.815539,0.988874,CC/AT,NA,6,32568967,T,C,0.3109,-0.062197,0.031847,-1.952994002574811,0.05082,1377883,COVID_A2__EUR,C,C,A,T,C,A,TRUE
rs71548708,rs6454593,0.917429,0.971292,TA/CG,NA,6,87904899,G,A,0.4809,-0.073253,0.024554,-2.9833428361977683,0.0028510000000000002,1388342,COVID_A2__EUR,T,A,C,G,T,C,TRUE
rs28521954,rs14408,0.887553,0.944094,GC/TT,NA,11,308314,T,C,0.3686,0.0046538000000000005,0.032614,0.1426933218863065,0.8865,1375531,COVID_A2__EUR,G,C,T,T,G,T,TRUE
rs60606273,rs3848148,0.884128,0.959198,AT/TC,NA,15,64637536,T,C,0.9385,0.067733,0.059029,1.14745294685663,0.2512,1378286,COVID_A2__EUR,A,T,T,C,T,A,TRUE
rs9330533,rs9330536,0.980101,0.991978,TC/CT,NA,17,81083854,T,C,0.4551,0.0011539000000000002,0.036405,0.03169619557753057,0.9747,1376404,COVID_A2__EUR,T,C,C,T,T,C,TRUE
rs10206089,NA,NA,NA,NA,NA,NA,NA,NA,NA,NA,NA,NA,NA,NA,NA,NA,NA,NA,NA,NA,NA,NA,NA
rs1611434,NA,NA,NA,NA,NA,NA,NA,NA,NA,NA,NA,NA,NA,NA,NA,NA,NA,NA,NA,NA,NA,NA,NA
rs9273608,NA,NA,NA,NA,NA,NA,NA,NA,NA,NA,NA,NA,NA,NA,NA,NA,NA,NA,NA,NA,NA,NA,NA
rs11039436,NA,NA,NA,NA,NA,NA,NA,NA,NA,NA,NA,NA,NA,NA,NA,NA,NA,NA,NA,NA,NA,NA,NA
rs4906319,NA,NA,NA,NA,NA,NA,NA,NA,NA,NA,NA,NA,NA,NA,NA,NA,NA,NA,NA,NA,NA,NA,NA
rs11489942,NA,NA,NA,NA,NA,NA,NA,NA,NA,NA,NA,NA,NA,NA,NA,NA,NA,NA,NA,NA,NA,NA,NA
