target_snp,proxy_snp,ld.r2,Dprime,PHASE,X12,CHROM,POS,REF.proxy,ALT.proxy,AF,BETA,SE,Z,P,N,TRAIT,ref,ref.proxy,alt,alt.proxy,ALT,REF,proxy.outcome
rs187786174,rs745368,0.990767,1,AT/GC,NA,1,2524205,C,T,0.3272,0.006598399999999999,0.008753499999999999,0.7538013366082138,0.451,1673985,COVID_C2__EUR,A,T,G,C,A,G,TRUE
rs2858329,rs9275101,0.988131,1,AG/GA,NA,6,32649355,G,A,0.463,-0.016184,0.008693799999999998,-1.861556511536958,0.06267,1495931,COVID_C2__EUR,A,G,G,A,G,A,TRUE
