target_snp,proxy_snp,ld.r2,Dprime,PHASE,X12,CHROM,POS,REF.proxy,ALT.proxy,AF,BETA,SE,Z,P,N,TRAIT,ref,ref.proxy,alt,alt.proxy,ALT,REF,proxy.outcome
rs1117610,rs1117609,0.987358,1,TC/AG,NA,7,150541250,G,C,0.2265,-0.013939,0.026074,-0.5345938482779781,0.59294,1628421,COVID_A2__EUR,T,C,A,G,T,A,TRUE
rs78896587,rs76547628,0.970695,0.985239,TT/CC,NA,11,2077271,C,T,0.1767,-0.01863,0.029318,-0.6354458012142711,0.52515,1628824,COVID_A2__EUR,T,T,C,C,T,C,TRUE
rs484943,rs35477346,0.995248,1,TC/CT,NA,15,40400195,T,C,0.296,0.014742,0.024401,0.6041555673947789,0.54575,1628655,COVID_A2__EUR,T,C,C,T,T,C,TRUE
rs116989257,rs4820058,0.911847,1,GG/AA,NA,22,32345733,A,G,0.06834,-0.018648,0.041709,-0.4470977486873337,0.65481,1639838,COVID_A2__EUR,G,G,A,A,G,A,TRUE
rs113414093,NA,NA,NA,NA,NA,NA,NA,NA,NA,NA,NA,NA,NA,NA,NA,NA,NA,NA,NA,NA,NA,NA,NA
