target_snp,proxy_snp,ld.r2,Dprime,PHASE,X12,CHROM,POS,REF.proxy,ALT.proxy,AF,BETA,SE,Z,P,N,TRAIT,ref,ref.proxy,alt,alt.proxy,ALT,REF,proxy.outcome
rs573674617,rs114957604,0.921197,1,TC/CT,NA,6,29892751,T,C,0.009243,0.0039814,0.026584,0.14976677700872706,0.88095,2019222,COVID_C2__EUR,T,C,C,T,T,C,TRUE
rs55858457,rs6944568,0.919469,0.963244,TA/GC,NA,7,2448317,A,C,0.6676,0.003006,0.0046527,0.6460764717260945,0.51823,2382334,COVID_C2__EUR,T,A,G,C,G,T,TRUE
rs188730399,rs117015542,0.940919,1,TG/CT,NA,8,58188782,T,G,0.0368,0.0071209,0.011627,0.6124451707233164,0.54024,2309542,COVID_C2__EUR,T,G,C,T,T,C,TRUE
rs290260,rs290258,1,1,TG/CA,NA,9,93555739,A,G,0.1861,0.0038711,0.0055607,0.6961533619868002,0.48633,2392636,COVID_C2__EUR,T,G,C,A,T,C,TRUE
rs56232455,rs6421983,0.936579,0.983461,AT/GC,NA,11,320394,C,T,0.4955,-0.0069103,0.0045666,-1.513226470459423,0.13022,2029047,COVID_C2__EUR,A,T,G,C,A,G,TRUE
rs9955954,rs4940421,0.994227,1,GG/AC,NA,18,56359234,C,G,0.2298,-9.1453e-4,0.0050729,-0.18027755327327563,0.85693,2393300,COVID_C2__EUR,G,G,A,C,G,A,TRUE
rs134490,rs134488,1,1,CG/TA,NA,22,28728344,G,A,0.843,-0.0061624,0.0065057,-0.9472308898350678,0.34352,2382939,COVID_C2__EUR,C,G,T,A,T,C,TRUE
rs79197920,NA,NA,NA,NA,NA,NA,NA,NA,NA,NA,NA,NA,NA,NA,NA,NA,NA,NA,NA,NA,NA,NA,NA
rs111235690,NA,NA,NA,NA,NA,NA,NA,NA,NA,NA,NA,NA,NA,NA,NA,NA,NA,NA,NA,NA,NA,NA,NA
rs372074906,NA,NA,NA,NA,NA,NA,NA,NA,NA,NA,NA,NA,NA,NA,NA,NA,NA,NA,NA,NA,NA,NA,NA
rs75203867,NA,NA,NA,NA,NA,NA,NA,NA,NA,NA,NA,NA,NA,NA,NA,NA,NA,NA,NA,NA,NA,NA,NA
