target_snp,proxy_snp,ld.r2,Dprime,PHASE,X12,CHROM,POS,REF.proxy,ALT.proxy,AF,BETA,SE,Z,P,N,TRAIT,ref,ref.proxy,alt,alt.proxy,ALT,REF,proxy.outcome
rs6846348,rs7677679,0.849689,1,AT/GA,NA,4,123275434,A,T,0.303,0.016647,0.012828,1.2977081384471467,0.19439,2509514,COVID_B2__EUR,A,T,G,A,A,G,TRUE
rs7936070,rs7936312,1,1,TT/GG,NA,11,76293726,G,T,0.4617,-0.0059656,0.011904,-0.5011424731182795,0.61627,2508556,COVID_B2__EUR,T,T,G,G,T,G,TRUE
rs11178649,rs10879261,1,1,TG/GT,NA,12,71520761,T,G,0.4039,0.021434,0.012027,1.7821568138355368,0.074733,2508556,COVID_B2__EUR,T,G,G,T,T,G,TRUE
rs169365,rs5758343,0.994171,1,GA/AT,NA,22,41816652,A,T,0.7887,0.0067433,0.015648,0.4309368609406954,0.66652,1749774,COVID_B2__EUR,G,A,A,T,A,G,TRUE
rs6926894,NA,NA,NA,NA,NA,NA,NA,NA,NA,NA,NA,NA,NA,NA,NA,NA,NA,NA,NA,NA,NA,NA,NA
