target_snp,proxy_snp,ld.r2,Dprime,PHASE,X12,CHROM,POS,REF.proxy,ALT.proxy,AF,BETA,SE,Z,P,N,TRAIT,ref,ref.proxy,alt,alt.proxy,ALT,REF,proxy.outcome
rs12027345,rs4660885,0.991994,1,AA/GG,NA,1,46243756,G,A,0.4535,-0.043817,0.079208,-0.5531890718109282,0.5801,2956,COVID:_hospitalized_vs._not_hospitalized,A,A,G,G,A,G,TRUE
rs35414371,rs36027619,0.991507,1,AT/TC,NA,4,17525356,C,T,0.134,0.018382,0.111,0.1656036036036036,0.8685,2956,COVID:_hospitalized_vs._not_hospitalized,A,T,T,C,A,T,TRUE
rs62646255,rs62415385,0.975788,0.995882,CT/TA,NA,6,43262458,A,T,0.3815,-0.05851900000000001,0.08083,-0.7239762464431524,0.4691,2956,COVID:_hospitalized_vs._not_hospitalized,C,T,T,A,C,T,TRUE
rs2270550,rs2131957,0.856412,0.982009,TC/CA,NA,10,75866929,C,A,0.5999,0.013208000000000001,0.08043,0.16421733184135273,0.8696,2956,COVID:_hospitalized_vs._not_hospitalized,T,C,C,A,C,T,TRUE
rs67307131,rs12225399,0.991321,1,CC/TG,NA,11,118480285,G,C,0.3333,0.12909,0.08285,1.5581170790585397,0.1192,2956,COVID:_hospitalized_vs._not_hospitalized,C,C,T,G,C,T,TRUE
