target_snp,proxy_snp,ld.r2,Dprime,PHASE,X12,CHROM,POS,REF.proxy,ALT.proxy,AF,BETA,SE,Z,P,N,TRAIT,ref,ref.proxy,alt,alt.proxy,ALT,REF,proxy.outcome
rs7592578,rs7569128,1,1,TC/GA,NA,2,191446691,C,A,0.8349,-0.0080078,0.024296,-0.3295933486993744,0.7417,1885042,COVID_B2__EUR,T,C,G,A,G,T,TRUE
rs11040503,rs10839355,0.866614,1,AA/CG,NA,11,49764142,G,A,0.1827,0.047932999999999996,0.024746,1.936999919178857,0.05275,1884443,COVID_B2__EUR,A,A,C,G,A,C,TRUE
rs521033,rs488866,0.928295,0.967382,GT/AA,NA,12,69949463,A,T,0.137,0.0087708,0.02485,0.3529496981891348,0.7241,1887658,COVID_B2__EUR,G,T,A,A,G,A,TRUE
rs2376997,rs10211752,0.918408,1,AG/CA,NA,20,30415465,A,G,0.3086,-0.009113,0.021528,-0.42330917874396135,0.6721,1875460,COVID_B2__EUR,A,G,C,A,A,C,TRUE
rs13042148,rs34587839,0.986559,1,TA/CG,NA,20,32300671,G,A,0.1539,0.016693,0.024332,0.6860512904816702,0.4927,1887037,COVID_B2__EUR,T,A,C,G,T,C,TRUE
rs7278003,rs2838320,0.852581,0.995337,TA/CG,NA,21,44995037,A,G,0.6071,0.017575999999999998,0.021266,0.8264835888272358,0.4085,1874986,COVID_B2__EUR,T,A,C,G,C,T,TRUE
rs72704264,NA,NA,NA,NA,NA,NA,NA,NA,NA,NA,NA,NA,NA,NA,NA,NA,NA,NA,NA,NA,NA,NA,NA
rs34130368,NA,NA,NA,NA,NA,NA,NA,NA,NA,NA,NA,NA,NA,NA,NA,NA,NA,NA,NA,NA,NA,NA,NA
rs1903752,NA,NA,NA,NA,NA,NA,NA,NA,NA,NA,NA,NA,NA,NA,NA,NA,NA,NA,NA,NA,NA,NA,NA
rs34487963,NA,NA,NA,NA,NA,NA,NA,NA,NA,NA,NA,NA,NA,NA,NA,NA,NA,NA,NA,NA,NA,NA,NA
