target_snp,proxy_snp,ld.r2,Dprime,PHASE,X12,CHROM,POS,REF.proxy,ALT.proxy,AF,BETA,SE,Z,P,N,TRAIT,ref,ref.proxy,alt,alt.proxy,ALT,REF,proxy.outcome
rs2791653,rs2791656,1,1,AA/GG,NA,1,11128329,A,G,0.7579,-0.047164,0.030712,-1.5356863766605886,0.1246,1522401,COVID_B2__EUR_w/o_UKBB,A,A,G,G,G,A,TRUE
rs4671328,rs1861410,1,1,TC/GT,NA,2,58933591,C,T,0.5658,0.0017739999999999998,0.026218,0.06766343733312989,0.9461,1544118,COVID_B2__EUR_w/o_UKBB,T,C,G,T,G,T,TRUE
rs17207196,rs6947307,0.991977,1,TT/CG,NA,7,75123519,G,T,0.4216,-0.016666,0.028370999999999997,-0.5874308272531812,0.5569,1538575,COVID_B2__EUR_w/o_UKBB,T,T,C,G,T,C,TRUE
