target_snp,proxy_snp,ld.r2,Dprime,PHASE,X12,CHROM,POS,REF.proxy,ALT.proxy,AF,BETA,SE,Z,P,N,TRAIT,ref,ref.proxy,alt,alt.proxy,ALT,REF,proxy.outcome
rs187786174,rs745368,0.990767,1,AT/GC,NA,1,2524205,C,T,0.3285,0.0087792,0.020728,0.4235430335777692,0.67189,1639435,COVID_A2__EUR,A,T,G,C,A,G,TRUE
rs117690609,rs184678185,1,1,AG/GT,NA,3,156828303,T,G,0.03509,-0.0092188,0.063471,-0.14524428479147955,0.88452,1514509,COVID_A2__EUR,A,G,G,T,A,G,TRUE
rs2858329,rs9275101,0.988131,1,AG/GA,NA,6,32649355,G,A,0.4786,-0.0577229999999999,0.024062,-2.3989277699276825,0.01644,1514509,COVID_A2__EUR,A,G,G,A,G,A,TRUE
rs71540792,rs71540791,0.836773,0.980917,GA/TG,NA,7,17207873,G,A,0.1213,0.063886,0.028543,2.2382370458606315,0.025207,1639114,COVID_A2__EUR,G,A,T,G,G,T,TRUE
rs186735625,rs66553243,0.99041,1,TC/CT,NA,7,28222812,T,C,0.09068,0.054874,0.032928,1.6664844509232264,0.095616,1639838,COVID_A2__EUR,T,C,C,T,T,C,TRUE
rs9378815,NA,NA,NA,NA,NA,NA,NA,NA,NA,NA,NA,NA,NA,NA,NA,NA,NA,NA,NA,NA,NA,NA,NA
