target_snp,proxy_snp,ld.r2,Dprime,PHASE,X12,CHROM,POS,REF.proxy,ALT.proxy,AF,BETA,SE,Z,P,N,TRAIT,ref,ref.proxy,alt,alt.proxy,ALT,REF,proxy.outcome
rs6846348,rs7677679,0.849689,1,AT/GA,NA,4,123275434,A,T,0.3001,9.4733e-4,0.026719999999999997,0.035453967065868265,0.9717,1388342,COVID_A2__EUR,A,T,G,A,A,G,TRUE
rs7936070,rs7936312,1,1,TT/GG,NA,11,76293726,G,T,0.4666,-0.056727,0.024518,-2.313687902765315,0.02069,1388342,COVID_A2__EUR,T,T,G,G,T,G,TRUE
rs11178649,rs10879261,1,1,TG/GT,NA,12,71520761,T,G,0.4012,-0.015650999999999998,0.024853,-0.6297428881825131,0.5289,1388342,COVID_A2__EUR,T,G,G,T,T,G,TRUE
rs169365,rs5758343,0.994171,1,GA/AT,NA,22,41816652,A,T,0.7874,0.08559299999999999,0.036943000000000004,2.3168935928322005,0.02051,1139575,COVID_A2__EUR,G,A,A,T,A,G,TRUE
rs2230624,NA,NA,NA,NA,NA,NA,NA,NA,NA,NA,NA,NA,NA,NA,NA,NA,NA,NA,NA,NA,NA,NA,NA
rs6926894,NA,NA,NA,NA,NA,NA,NA,NA,NA,NA,NA,NA,NA,NA,NA,NA,NA,NA,NA,NA,NA,NA,NA
