SNP,effect_allele.exposure,other_allele.exposure,effect_allele.outcome,other_allele.outcome,beta.exposure,beta.outcome,eaf.exposure,eaf.outcome,remove,palindromic,ambiguous,id.outcome,chr.outcome,pos.outcome,se.outcome,z.outcome,pval.outcome,samplesize.outcome,outcome,mr_keep.outcome,pval_origin.outcome,chr.exposure,pos.exposure,se.exposure,z.exposure,pval.exposure,samplesize.exposure,exposure,mr_keep.exposure,pval_origin.exposure,id.exposure,action,mr_keep,pt,pleitropy_keep
rs11979341,G,C,G,C,0.0655817,0.0085252,0.3163,0.3192,FALSE,TRUE,FALSE,LkDfCG,7,155797978,0.024016,0.3549800133244504,0.7226,1051594,covidhgi2020anaC2v2,TRUE,reported,7,155797978,0.00970861137968525,6.755,1.4239999999999999e-11,24484,Hilbar2017hipv,TRUE,reported,scHMgI,2,TRUE,5e-8,TRUE
rs2268894,T,C,T,C,-0.056681699959825686,-0.029227999999999997,0.5412,0.5351,FALSE,FALSE,FALSE,LkDfCG,2,162856148,0.021283,-1.373302635906592,0.1697,1079718,covidhgi2020anaC2v2,TRUE,reported,2,162856148,0.00865898257864737,-6.546,5.894e-11,26814,Hilbar2017hipv,TRUE,reported,scHMgI,2,TRUE,5e-8,TRUE
rs2289881,T,G,T,G,-0.0501469012631794,0.019608,0.3544,0.3456,FALSE,FALSE,FALSE,LkDfCG,5,66084260,0.022692,0.86409307244844,0.3875,1079718,covidhgi2020anaC2v2,TRUE,reported,5,66084260,0.009022472339542892,-5.558,2.7280000000000003e-8,26814,Hilbar2017hipv,TRUE,reported,scHMgI,2,TRUE,5e-8,TRUE
rs61921502,G,T,G,T,-0.107884,0.062377999999999996,0.1534,0.1553,FALSE,FALSE,FALSE,LkDfCG,12,65832468,0.030797,2.025457025034906,0.04282,1052303,covidhgi2020anaC2v2,TRUE,reported,12,65832468,0.011964510717245714,-9.017,1.941e-19,26814,Hilbar2017hipv,TRUE,reported,scHMgI,2,TRUE,5e-8,TRUE
rs7020341,C,G,C,G,0.05989482492183185,0.025523,0.359,0.3893,FALSE,TRUE,FALSE,LkDfCG,9,119247974,0.022271,1.14601948722554,0.2518,1079718,covidhgi2020anaC2v2,TRUE,reported,9,119247974,0.009013517670704569,6.645,3.035e-11,26700,Hilbar2017hipv,TRUE,reported,scHMgI,2,TRUE,5e-8,TRUE
rs77956314,C,T,C,T,0.161854,0.070874,0.084,0.07378,FALSE,FALSE,FALSE,LkDfCG,12,117323367,0.039999,1.771894297357434,0.07642,1079718,covidhgi2020anaC2v2,TRUE,reported,12,117323367,0.015536015627474566,10.418,2.0550000000000002e-25,26814,Hilbar2017hipv,TRUE,reported,scHMgI,2,TRUE,5e-8,TRUE
