SNP,effect_allele.exposure,other_allele.exposure,effect_allele.outcome,other_allele.outcome,beta.exposure,beta.outcome,eaf.exposure,eaf.outcome,remove,palindromic,ambiguous,id.outcome,chr.outcome,pos.outcome,se.outcome,z.outcome,pval.outcome,samplesize.outcome,outcome,mr_keep.outcome,pval_origin.outcome,chr.exposure,pos.exposure,se.exposure,z.exposure,pval.exposure,samplesize.exposure,exposure,mr_keep.exposure,pval_origin.exposure,id.exposure,action,mr_keep,pt,pleitropy_keep
rs11979341,G,C,G,C,0.0655817,0.0036263000000000007,0.3163,0.48160000000000003,FALSE,TRUE,TRUE,sWoH9m,7,155797978,0.03399,-0.10668726095910565,0.915,33249,covidhgi2020anaD1v3,TRUE,reported,7,155797978,0.00970861137968525,6.755,1.4239999999999999e-11,24484,Hilbar2017hipv,TRUE,reported,k3qEXF,2,FALSE,5e-8,TRUE
rs2268894,T,C,T,C,-0.056681699959825686,-4.2167e-5,0.5412,0.5014,FALSE,FALSE,FALSE,sWoH9m,2,162856148,0.026376,-0.0015986882013952076,0.9987,38632,covidhgi2020anaD1v3,TRUE,reported,2,162856148,0.00865898257864737,-6.546,5.894e-11,26814,Hilbar2017hipv,TRUE,reported,k3qEXF,2,TRUE,5e-8,TRUE
rs2289881,T,G,T,G,-0.0501469012631794,-0.036387,0.3544,0.5009,FALSE,FALSE,FALSE,sWoH9m,5,66084260,0.027599000000000002,-1.3184173339613754,0.1874,38632,covidhgi2020anaD1v3,TRUE,reported,5,66084260,0.009022472339542892,-5.558,2.7280000000000003e-8,26814,Hilbar2017hipv,TRUE,reported,k3qEXF,2,TRUE,5e-8,TRUE
rs61921502,G,T,G,T,-0.107884,-0.082528,0.1534,0.4704,FALSE,FALSE,FALSE,sWoH9m,12,65832468,0.035164999999999995,-2.3468789990046925,0.018930000000000002,38632,covidhgi2020anaD1v3,TRUE,reported,12,65832468,0.011964510717245714,-9.017,1.941e-19,26814,Hilbar2017hipv,TRUE,reported,k3qEXF,2,TRUE,5e-8,TRUE
rs7020341,C,G,C,G,0.05989482492183185,-6.0734e-4,0.359,0.4882,FALSE,TRUE,TRUE,sWoH9m,9,119247974,0.027436000000000002,-0.02213660883510716,0.9823,38632,covidhgi2020anaD1v3,TRUE,reported,9,119247974,0.009013517670704569,6.645,3.035e-11,26700,Hilbar2017hipv,TRUE,reported,k3qEXF,2,FALSE,5e-8,TRUE
rs77956314,C,T,C,T,0.161854,0.0016361000000000001,0.084,0.4799,FALSE,FALSE,FALSE,sWoH9m,12,117323367,0.047436,0.0344906821823088,0.9725,38632,covidhgi2020anaD1v3,TRUE,reported,12,117323367,0.015536015627474566,10.418,2.0550000000000002e-25,26814,Hilbar2017hipv,TRUE,reported,k3qEXF,2,TRUE,5e-8,TRUE
