SNP,effect_allele.exposure,other_allele.exposure,effect_allele.outcome,other_allele.outcome,beta.exposure,beta.outcome,eaf.exposure,eaf.outcome,remove,palindromic,ambiguous,id.outcome,chr.outcome,pos.outcome,se.outcome,z.outcome,pval.outcome,samplesize.outcome,outcome,mr_keep.outcome,pval_origin.outcome,chr.exposure,pos.exposure,se.exposure,z.exposure,pval.exposure,samplesize.exposure,exposure,mr_keep.exposure,pval_origin.exposure,id.exposure,action,mr_keep,pt,pleitropy_keep,mrpresso_RSSobs,mrpresso_pval,mrpresso_keep
rs10463311,T,C,T,C,-0.0854,-0.030795,0.7441,0.7474,FALSE,FALSE,FALSE,hcq4Up,5,150410835,0.009265299999999999,-3.3236916235847738,8.885e-4,1683769,covidhgi2020C2v5alleur,TRUE,reported,5,150410835,0.0156,-5.4743589743589745,3.999e-8,80610,Nicolas2018als,TRUE,reported,XpbCDD,2,TRUE,5e-8,TRUE,7.814625729001814e-4,0.0168,FALSE
rs12973192,G,C,G,C,0.1205,-0.008235700000000002,0.3247,0.3535,FALSE,TRUE,FALSE,hcq4Up,19,17753239,0.0089748,-0.9176471899095247,0.3588,1601688,covidhgi2020C2v5alleur,TRUE,reported,19,17753239,0.0153,7.87582,3.916e-15,80610,Nicolas2018als,TRUE,reported,XpbCDD,2,TRUE,5e-8,TRUE,3.8583817919307596e-4,0.1842,TRUE
rs142321490,C,G,C,G,0.3172,-0.039549,0.0183,0.02122,FALSE,TRUE,FALSE,hcq4Up,12,58676132,0.033819,-1.169431384724563,0.2422,1545696,covidhgi2020C2v5alleur,TRUE,reported,12,58676132,0.0513,6.183235867446394,6.147000000000001e-10,80610,Nicolas2018als,TRUE,reported,XpbCDD,2,TRUE,5e-8,TRUE,0.004327298028056557,0.3234,TRUE
rs3849943,T,C,T,C,-0.1764,-3.711e-4,0.7518,0.774,FALSE,FALSE,FALSE,hcq4Up,9,27543382,0.009770200000000001,-0.0379828457964013,0.9697,1407669,covidhgi2020C2v5alleur,TRUE,reported,9,27543382,0.0155,-11.380645161290325,3.7699999999999995e-30,80610,Nicolas2018als,TRUE,reported,XpbCDD,2,TRUE,5e-8,TRUE,2.741332317238687e-4,0.5262,TRUE
rs74654358,A,G,A,G,0.1976,0.038579,0.0473,0.05022,FALSE,FALSE,FALSE,hcq4Up,12,64881967,0.020153,1.9143055624472785,0.05557,1674649,covidhgi2020C2v5alleur,TRUE,reported,12,64881967,0.0337,5.863501483679525,4.658e-9,80610,Nicolas2018als,TRUE,reported,XpbCDD,2,TRUE,5e-8,TRUE,8.475155750995926e-4,0.906,TRUE
rs75087725,A,C,A,C,0.5145,0.10540999999999999,0.0153,0.01702,FALSE,FALSE,FALSE,hcq4Up,21,45753117,0.041176,2.5599863998445698,0.01047,1615917,covidhgi2020C2v5alleur,TRUE,reported,21,45753117,0.0672,7.65625,1.848e-14,80610,Nicolas2018als,TRUE,reported,XpbCDD,2,TRUE,5e-8,TRUE,0.007678075573987443,0.1968,TRUE
