target_snp,proxy_snp,ld.r2,Dprime,PHASE,X12,CHROM,POS,REF.proxy,ALT.proxy,AF,BETA,SE,Z,P,N,TRAIT,ref,ref.proxy,alt,alt.proxy,ALT,REF,proxy.outcome
rs78614739,rs17162315,1,1,TA/CT,NA,1,27176431,T,A,0.1677,0.020356,0.023514,0.8656970315556689,0.3866,1887658,COVID_B2__EUR,T,A,C,T,T,C,TRUE
rs4668134,rs75193630,1,1,TA/AC,NA,2,170208605,C,A,0.01677,0.058937,0.069635,0.846370359732893,0.3973,1887045,COVID_B2__EUR,T,A,A,C,T,A,TRUE
rs2252281,rs2453578,1,1,CC/TT,NA,17,19430645,T,C,0.3778,-0.01683,0.02027,-0.8302910705476074,0.4064,1874986,COVID_B2__EUR,C,C,T,T,C,T,TRUE
