target_snp,proxy_snp,ld.r2,Dprime,PHASE,X12,CHROM,POS,REF.proxy,ALT.proxy,AF,BETA,SE,Z,P,N,TRAIT,ref,ref.proxy,alt,alt.proxy,ALT,REF,proxy.outcome
rs12027345,rs4660885,0.991994,1,AA/GG,NA,1,46243756,G,A,0.448313,0.084969,0.15779,0.5384942011534317,0.5902,2,COVID:_hospitalized_vs._not_hospitalized__woUKBB,A,A,G,G,A,G,TRUE
rs62188635,rs1076492,0.887999,0.987012,CC/TT,NA,2,208081780,C,T,0.551849,-0.036470999999999996,0.15157,-0.24062149501880314,0.8099,2,COVID:_hospitalized_vs._not_hospitalized__woUKBB,C,C,T,T,T,C,TRUE
rs35414371,rs36027619,0.991507,1,AT/TC,NA,4,17525356,C,T,0.141129,0.055414,0.24,0.23089166666666666,0.8174,2,COVID:_hospitalized_vs._not_hospitalized__woUKBB,A,T,T,C,A,T,TRUE
rs13204736,rs34656207,0.957609,0.994489,AT/GC,NA,6,32582601,C,T,0.334673,-0.057877,0.16526,-0.35021783855742467,0.7262,2,COVID:_hospitalized_vs._not_hospitalized__woUKBB,A,T,G,C,A,G,TRUE
rs62646255,rs62415385,0.975788,0.995882,CT/TA,NA,6,43262458,A,T,0.406537,-0.10965,0.16535999999999998,-0.6630986937590712,0.5072,2,COVID:_hospitalized_vs._not_hospitalized__woUKBB,C,T,T,A,C,T,TRUE
rs4947828,rs6968827,1,1,TA/GG,NA,7,50802434,A,G,0.769594,-0.038906,0.17543,-0.22177506697828195,0.8245,2,COVID:_hospitalized_vs._not_hospitalized__woUKBB,T,A,G,G,G,T,TRUE
rs2270550,rs2131957,0.856412,0.982009,TC/CA,NA,10,75866929,C,A,0.570389,-0.27781,0.16246,-1.710020928228487,0.08727,2,COVID:_hospitalized_vs._not_hospitalized__woUKBB,T,C,C,A,C,T,TRUE
rs7951935,rs1806319,0.995659,1,TC/GT,NA,11,89037936,T,C,0.356234,0.055987999999999996,0.15934,0.3513744194803564,0.7253,2,COVID:_hospitalized_vs._not_hospitalized__woUKBB,T,C,G,T,T,G,TRUE
rs67307131,rs12225399,0.991321,1,CC/TG,NA,11,118480285,G,C,0.285084,0.09966799999999999,0.16372,0.6087710725629122,0.5427,2,COVID:_hospitalized_vs._not_hospitalized__woUKBB,C,C,T,G,C,T,TRUE
rs12938775,NA,NA,NA,NA,NA,NA,NA,NA,NA,NA,NA,NA,NA,NA,NA,NA,NA,NA,NA,NA,NA,NA,NA
