target_snp,proxy_snp,ld.r2,Dprime,PHASE,X12,CHROM,POS,REF.proxy,ALT.proxy,AF,BETA,SE,Z,P,N,TRAIT,ref,ref.proxy,alt,alt.proxy,ALT,REF,proxy.outcome
rs1117610,rs1117609,0.987358,1,TC/AG,NA,7,150541250,G,C,0.2273,0.0050718000000000004,0.036116,0.1404308339793997,0.8883,1377883,COVID_A2__EUR,T,C,A,G,T,A,TRUE
rs78896587,rs76547628,0.970695,0.985239,TT/CC,NA,11,2077271,C,T,0.1771,0.019956,0.040713,0.4901628472478079,0.624,1378286,COVID_A2__EUR,T,T,C,C,T,C,TRUE
rs116989257,rs4820058,0.911847,1,GG/AA,NA,22,32345733,A,G,0.06808,-0.068815,0.052254999999999996,-1.316907472969094,0.1879,1388342,COVID_A2__EUR,G,G,A,A,G,A,TRUE
