target_snp,proxy_snp,ld.r2,Dprime,PHASE,X12,CHROM,POS,REF.proxy,ALT.proxy,AF,BETA,SE,Z,P,N,TRAIT,ref,ref.proxy,alt,alt.proxy,ALT,REF,proxy.outcome
rs6846348,rs7677679,0.849689,1,AT/GA,NA,4,123275434,A,T,0.3048,0.010870999999999999,0.018872999999999997,0.5760080538335188,0.5646,1887658,COVID_B2__EUR,A,T,G,A,A,G,TRUE
rs7936070,rs7936312,1,1,TT/GG,NA,11,76293726,G,T,0.4606,-0.028943,0.017677000000000002,-1.6373253380098431,0.1016,1885042,COVID_B2__EUR,T,T,G,G,T,G,TRUE
rs11178649,rs10879261,1,1,TG/GT,NA,12,71520761,T,G,0.4039,0.021668,0.017695,1.2245267024583215,0.2208,1887658,COVID_B2__EUR,T,G,G,T,T,G,TRUE
rs169365,rs5758343,0.994171,1,GA/AT,NA,22,41816652,A,T,0.786,0.0084274,0.024318,0.34654988074677195,0.7289,1168051,COVID_B2__EUR,G,A,A,T,A,G,TRUE
rs6926894,NA,NA,NA,NA,NA,NA,NA,NA,NA,NA,NA,NA,NA,NA,NA,NA,NA,NA,NA,NA,NA,NA,NA
