target_snp,proxy_snp,ld.r2,Dprime,PHASE,X12,CHROM,POS,REF.proxy,ALT.proxy,AF,BETA,SE,Z,P,N,TRAIT,ref,ref.proxy,alt,alt.proxy,ALT,REF,proxy.outcome
rs78614739,rs17162315,1,1,TA/CT,NA,1,27176431,T,A,0.163,-5.615e-4,0.035549000000000004,-0.015795099721511153,0.98740000000000006,1059456,COVID_A2__EUR_w/o_UKBB,T,A,C,T,T,C,TRUE
rs4668134,rs75193630,1,1,TA/AC,NA,2,170208605,C,A,0.0153,0.090571,0.09947,0.9105358399517443,0.3625,1059053,COVID_A2__EUR_w/o_UKBB,T,A,A,C,T,A,TRUE
rs2252281,rs2453578,1,1,CC/TT,NA,17,19430645,T,C,0.3711,0.0027458,0.033076,0.08301487483371629,0.9338,1049400,COVID_A2__EUR_w/o_UKBB,C,C,T,T,C,T,TRUE
