target_snp,proxy_snp,ld.r2,Dprime,PHASE,X12,CHROM,POS,REF.proxy,ALT.proxy,AF,BETA,SE,Z,P,N,TRAIT,ref,ref.proxy,alt,alt.proxy,ALT,REF,proxy.outcome
rs12027999,rs12025237,0.992301,1,CC/TA,NA,1,154205120,A,C,0.109659,-0.050707,0.20321,-0.2495300428128537,0.8029999999999999,2,COVID:_hospitalized_vs._not_hospitalized__woUKBB,C,C,T,A,C,T,TRUE
rs1518393,rs1518394,1,1,AA/CG,NA,2,58171287,A,G,0.571273,-0.012043,0.1533,-0.0785583822570124,0.9374,2,COVID:_hospitalized_vs._not_hospitalized__woUKBB,A,A,C,G,C,A,TRUE
rs7585579,rs2192512,0.881108,0.978707,CT/GC,NA,2,60000720,T,C,0.536647,0.015608000000000002,0.15664,0.09964249233912156,0.9206,2,COVID:_hospitalized_vs._not_hospitalized__woUKBB,C,T,G,C,G,C,TRUE
rs7631735,rs66680800,0.995955,1,GT/TG,NA,3,85985324,G,T,0.380622,-0.11450999999999999,0.15664,-0.7310393258426965,0.4648,2,COVID:_hospitalized_vs._not_hospitalized__woUKBB,G,T,T,G,G,T,TRUE
rs13246563,rs7790430,0.988008,1,CG/GC,NA,7,3432943,G,C,0.576544,0.048797,0.156,0.31280128205128205,0.7544,2,COVID:_hospitalized_vs._not_hospitalized__woUKBB,C,G,G,C,G,C,TRUE
rs11768481,rs11762736,0.982948,1,AG/CA,NA,7,96630637,A,G,0.393169,-0.040941000000000005,0.16639,-0.2460544503876435,0.8056,2,COVID:_hospitalized_vs._not_hospitalized__woUKBB,A,G,C,A,A,C,TRUE
rs10114490,rs7871108,1,1,AG/GA,NA,9,11071562,A,G,0.236393,0.059248,0.19159,0.3092436974789916,0.7571,2,COVID:_hospitalized_vs._not_hospitalized__woUKBB,A,G,G,A,A,G,TRUE
rs10159545,rs10828246,0.945919,0.982854,GC/CT,NA,10,21769216,T,C,0.363653,0.0035591999999999998,0.16152,0.02203566121842496,0.9824,2,COVID:_hospitalized_vs._not_hospitalized__woUKBB,G,C,C,T,G,C,TRUE
rs7322872,rs6491536,1,1,CC/TA,NA,13,100548455,C,A,0.797104,-0.038363999999999995,0.1899,-0.20202211690363345,0.8399,2,COVID:_hospitalized_vs._not_hospitalized__woUKBB,C,C,T,A,T,C,TRUE
rs56820925,rs62224534,1,1,TC/CT,NA,20,54387171,T,C,0.412972,-0.034593,0.16745,-0.20658704090773367,0.8363,2,COVID:_hospitalized_vs._not_hospitalized__woUKBB,T,C,C,T,T,C,TRUE
rs76608582,NA,NA,NA,NA,NA,NA,NA,NA,NA,NA,NA,NA,NA,NA,NA,NA,NA,NA,NA,NA,NA,NA,NA
