target_snp,proxy_snp,ld.r2,Dprime,PHASE,X12,CHROM,POS,REF.proxy,ALT.proxy,AF,BETA,SE,Z,P,N,TRAIT,ref,ref.proxy,alt,alt.proxy,ALT,REF,proxy.outcome
rs187786174,rs745368,0.990767,1,AT/GC,NA,1,2524205,C,T,0.3232,0.0029149000000000002,0.019096000000000002,0.15264453288646837,0.8787,1884429,COVID_B2__EUR,A,T,G,C,A,G,TRUE
rs2858329,rs9275101,0.988131,1,AG/GA,NA,6,32649355,G,A,0.468,-0.029524,0.019911,-1.4827984531163678,0.1381,1874040,COVID_B2__EUR,A,G,G,A,G,A,TRUE
